Common name,Smiles,Activity Type,p-value (-log)
α-ergocryptine,CC(C)C[C@H]1C(=O)N2CCC[C@H]2[C@]2(O)O[C@](NC(=O)[C@@H]3C=C4c5cccc6[nH]cc(c56)C[C@H]4N(C)C3)(C(C)C)C(=O)N12,IC50,8.71
α-ergocryptine,CC(C)C[C@H]1C(=O)N2CCC[C@H]2[C@]2(O)O[C@](NC(=O)[C@@H]3C=C4c5cccc6[nH]cc(c56)C[C@H]4N(C)C3)(C(C)C)C(=O)N12,Ki,9.19
α-ergocryptine,CC(C)C[C@H]1C(=O)N2CCC[C@H]2[C@]2(O)O[C@](NC(=O)[C@@H]3C=C4c5cccc6[nH]cc(c56)C[C@H]4N(C)C3)(C(C)C)C(=O)N12,pKi,8.04
(+)-sulpiride,CCN1CCC[C@@H]1CNC(=O)c1cc(S(N)(=O)=O)ccc1OC,AC50,6.09
(+)-sulpiride,CCN1CCC[C@@H]1CNC(=O)c1cc(S(N)(=O)=O)ccc1OC,IC50,6.89
(+)-sulpiride,CCN1CCC[C@@H]1CNC(=O)c1cc(S(N)(=O)=O)ccc1OC,IC50,6.69
(+)-sulpiride,CCN1CCC[C@@H]1CNC(=O)c1cc(S(N)(=O)=O)ccc1OC,Ki,7.17
(+)-sulpiride,CCN1CCC[C@@H]1CNC(=O)c1cc(S(N)(=O)=O)ccc1OC,Ki,7.37
ACEPROMAZINE,CC(=O)c1ccc2c(c1)N(CCCN(C)C)c1ccccc1S2,AC50,7.11
ACETOPHENAZINE,CC(=O)c1ccc2c(c1)N(CCCN1CCN(CCO)CC1)c1ccccc1S2,AC50,7.93
amiodarone,CCCCc1oc2ccccc2c1C(=O)c1cc(I)c(OCCN(CC)CC)c(I)c1,AC50,5.5
amiodarone,CCCCc1oc2ccccc2c1C(=O)c1cc(I)c(OCCN(CC)CC)c(I)c1,IC50,4.7
amiodarone,CCCCc1oc2ccccc2c1C(=O)c1cc(I)c(OCCN(CC)CC)c(I)c1,Ki,5.18
amiodarone,CCCCc1oc2ccccc2c1C(=O)c1cc(I)c(OCCN(CC)CC)c(I)c1,pKi,8.29
amisulpride,CCN1CCCC1CNC(=O)c1cc(S(=O)(=O)CC)c(N)cc1OC,AC50,7.82
amitriptyline,CN(C)CCC=C1c2ccccc2CCc2ccccc21,AC50,6.26
amitriptyline,CN(C)CCC=C1c2ccccc2CCc2ccccc21,IC50,6.0
amitriptyline,CN(C)CCC=C1c2ccccc2CCc2ccccc21,Ki,6.47
AMLODIPINE,CCOC(=O)C1=C(COCCN)NC(C)=C(C(=O)OC)C1c1ccccc1Cl,AC50,5.54
AMODIAQUINE,CCN(CC)Cc1cc(Nc2ccnc3cc(Cl)ccc23)ccc1O,AC50,5.05
AMOSULALOL,COc1ccccc1OCCNCC(O)c1ccc(C)c(S(N)(=O)=O)c1,AC50,6.36
amoxapine,Clc1ccc2c(c1)C(N1CCNCC1)=Nc1ccccc1O2,AC50,6.92
amoxapine,Clc1ccc2c(c1)C(N1CCNCC1)=Nc1ccccc1O2,IC50,6.7
amoxapine,Clc1ccc2c(c1)C(N1CCNCC1)=Nc1ccccc1O2,Ki,7.17
AMSACRINE,COc1cc(NS(C)(=O)=O)ccc1Nc1c2ccccc2nc2ccccc12,AC50,5.16
apomorphine,CN1CCc2cccc3c2[C@H]1Cc1ccc(O)c(O)c1-3,AC50,5.81
APRINDINE,CCN(CC)CCCN(c1ccccc1)C1Cc2ccccc2C1,AC50,4.82
ARFORMOTEROL,COc1ccc(C[C@@H](C)NC[C@H](O)c2ccc(O)c(NC=O)c2)cc1,AC50,4.96
aripiprazole,O=C1CCc2ccc(OCCCCN3CCN(c4cccc(Cl)c4Cl)CC3)cc2N1,AC50,7.62
ASENAPINE,CN1CC2c3ccccc3Oc3ccc(Cl)cc3C2C1,AC50,7.24
astemizole,COc1ccc(CCN2CCC(Nc3nc4ccccc4n3Cc3ccc(F)cc3)CC2)cc1,AC50,5.07
astemizole,COc1ccc(CCN2CCC(Nc3nc4ccccc4n3Cc3ccc(F)cc3)CC2)cc1,IC50,5.34
astemizole,COc1ccc(CCN2CCC(Nc3nc4ccccc4n3Cc3ccc(F)cc3)CC2)cc1,Ki,5.82
astemizole,COc1ccc(CCN2CCC(Nc3nc4ccccc4n3Cc3ccc(F)cc3)CC2)cc1,pKi,8.23
AZATADINE,CN1CCC(=C2c3ccccc3CCc3cccnc32)CC1,AC50,5.14
BAZEDOXIFENE,Cc1c(-c2ccc(O)cc2)n(Cc2ccc(OCCN3CCCCCC3)cc2)c2ccc(O)cc12,AC50,5.33
BENIDIPINE,COC(=O)C1=C(C)NC(C)=C(C(=O)OC2CCCN(Cc3ccccc3)C2)C1c1cccc([N+](=O)[O-])c1,AC50,4.52
benperidol,O=C(CCCN1CCC(n2c(=O)[nH]c3ccccc32)CC1)c1ccc(F)cc1,AC50,8.11
benzatropine,CN1[C@H]2CC[C@@H]1C[C@H](OC(c1ccccc1)c1ccccc1)C2,AC50,4.75
BENZETHONIUM,CC(C)(C)CC(C)(C)c1ccc(OCCOCC[N+](C)(C)Cc2ccccc2)cc1,AC50,5.42
BENZOTHIAZYL DISULFIDE,c1ccc2sc(SSc3nc4ccccc4s3)nc2c1,IC50,5.23
BENZOTHIAZYL DISULFIDE,c1ccc2sc(SSc3nc4ccccc4s3)nc2c1,Ki,5.71
benzquinamide,CCN(CC)C(=O)C1CN2CCc3cc(OC)c(OC)cc3C2CC1OC(C)=O,AC50,5.6
BEPRIDIL,CC(C)COCC(CN(Cc1ccccc1)c1ccccc1)N1CCCC1,AC50,4.89
BETAMETHASONE DIPROPIONATE,CCC(=O)OCC(=O)[C@@]1(OC(=O)CC)[C@@H](C)C[C@H]2[C@@H]3CCC4=CC(=O)C=C[C@]4(C)[C@@]3(F)[C@@H](O)C[C@@]21C,AC50,6.11
BOPINDOLOL,Cc1cc2c(OCC(CNC(C)(C)C)OC(=O)c3ccccc3)cccc2[nH]1,AC50,5.16
BOSUTINIB,COc1cc(Nc2c(C#N)cnc3cc(OCCCN4CCN(C)CC4)c(OC)cc23)c(Cl)cc1Cl,AC50,6.03
bromocriptine,CC(C)C[C@H]1C(=O)N2CCC[C@H]2[C@]2(O)O[C@](NC(=O)[C@@H]3C=C4c5cccc6[nH]c(Br)c(c56)C[C@H]4N(C)C3)(C(C)C)C(=O)N12,AC50,7.56
bromocriptine,CC(C)C[C@H]1C(=O)N2CCC[C@H]2[C@]2(O)O[C@](NC(=O)[C@@H]3C=C4c5cccc6[nH]c(Br)c(c56)C[C@H]4N(C)C3)(C(C)C)C(=O)N12,IC50,8.8
bromocriptine,CC(C)C[C@H]1C(=O)N2CCC[C@H]2[C@]2(O)O[C@](NC(=O)[C@@H]3C=C4c5cccc6[nH]c(Br)c(c56)C[C@H]4N(C)C3)(C(C)C)C(=O)N12,Ki,9.28
BROMPERIDOL,O=C(CCCN1CCC(O)(c2ccc(Br)cc2)CC1)c1ccc(F)cc1,AC50,7.66
buspirone,O=C1CC2(CCCC2)CC(=O)N1CCCCN1CCN(c2ncccn2)CC1,AC50,6.28
buspirone,O=C1CC2(CCCC2)CC(=O)N1CCCCN1CCN(c2ncccn2)CC1,IC50,6.49
buspirone,O=C1CC2(CCCC2)CC(=O)N1CCCCN1CCN(c2ncccn2)CC1,Ki,6.97
BUTRIPTYLINE,CC(CC1c2ccccc2CCc2ccccc21)CN(C)C,AC50,4.8
cabergoline,C=CCN1C[C@H](C(=O)N(CCCN(C)C)C(=O)NCC)C[C@@H]2c3cccc4[nH]cc(c34)C[C@H]21,AC50,7.89
carvedilol,COc1ccccc1OCCNCC(O)COc1cccc2[nH]c3ccccc3c12,AC50,6.89
carvedilol,COc1ccccc1OCCNCC(O)COc1cccc2[nH]c3ccccc3c12,IC50,6.84
carvedilol,COc1ccccc1OCCNCC(O)COc1cccc2[nH]c3ccccc3c12,Ki,7.31
carvedilol,COc1ccccc1OCCNCC(O)COc1cccc2[nH]c3ccccc3c12,pKi,8.14
CEFEPIME,CO/N=C(\C(=O)N[C@@H]1C(=O)N2C(C(=O)[O-])=C(C[N+]3(C)CCCC3)CS[C@H]12)c1csc(N)n1,AC50,4.72
CEFPROZIL,CC=CC1=C(C(=O)O)N2C(=O)[C@@H](NC(=O)[C@H](N)c3ccc(O)cc3)[C@H]2SC1,AC50,4.58
CHEMBL1221512,CC[C@H](C)[C@@H](CO[C@@H](Cc1ccccc1)C(=O)N[C@@H](CCS(C)(=O)=O)C(=O)OC(C)C)NC[C@@H](N)CS,IC50,6.8
CHEMBL1221512,CC[C@H](C)[C@@H](CO[C@@H](Cc1ccccc1)C(=O)N[C@@H](CCS(C)(=O)=O)C(=O)OC(C)C)NC[C@@H](N)CS,Ki,7.28
CHEMBL141343,Cc1c(C)c2c(c(C)c1O)CCC(C)(CN1CCN(c3cc(N4CCCC4)nc(N4CCCC4)n3)CC1)O2,IC50,4.78
CHEMBL141343,Cc1c(C)c2c(c(C)c1O)CCC(C)(CN1CCN(c3cc(N4CCCC4)nc(N4CCCC4)n3)CC1)O2,Ki,5.25
CHEMBL2365712,CC(C)[C@H]1C(=O)N2CCC[C@H]2[C@]2(O)O[C@](NC(=O)[C@@H]3C[C@@H]4c5cccc6[nH]cc(c56)C[C@H]4N(C)C3)(C(C)C)C(=O)N12,AC50,7.28
CHEMBL3639415,CC(=O)N[C@H]1CC[C@H](CCN2CCN(c3nccc4occc34)CC2)CC1,Ki,6.31
CHEMBL3639416,Cc1cc2c(c(N3CCN(CC[C@H]4CC[C@H](NC(=O)CC5CCOCC5)CC4)CC3)n1)CCO2,Ki,5.71
CHEMBL3642680,CO[C@@H]1CC[C@@H](CC(=O)N[C@H]2CC[C@H](CCN3CCN(c4nccc5occc45)CC3)CC2)C1,Ki,6.1
CHEMBL3642681,O=C(C[C@H]1CC[C@H](O)CC1)N[C@H]1CC[C@H](CCN2CCN(c3nccc4occc34)CC2)CC1,Ki,5.81
CHEMBL3642682,CCC(=O)N[C@H]1CC[C@H](CCN2CCN(c3nccc4occc34)CC2)CC1,Ki,6.11
CHEMBL3642683,COCCC(=O)N[C@H]1CC[C@H](CCN2CCN(c3nccc4occc34)CC2)CC1,Ki,5.87
CHEMBL3642684,O=C(CCO)N[C@H]1CC[C@H](CCN2CCN(c3nccc4occc34)CC2)CC1,Ki,6.02
CHEMBL3642685,O=C(CO)N[C@H]1CC[C@H](CCN2CCN(c3nccc4occc34)CC2)CC1,Ki,5.87
CHEMBL3642686,COCC(=O)N[C@H]1CC[C@H](CCN2CCN(c3nccc4occc34)CC2)CC1,Ki,5.94
CHEMBL3642687,CO[C@H]1CC[C@H](CC(=O)N[C@H]2CC[C@H](CCN3CCN(c4nccc5occc45)CC3)CC2)CC1,Ki,5.83
CHEMBL3642688,O=C(CC1CCOCC1)N[C@H]1CC[C@H](CCN2CCN(c3nccc4occc34)CC2)CC1,Ki,6.17
CHEMBL3642689,O=C(N[C@H]1CC[C@H](CCN2CCN(c3nccc4occc34)CC2)CC1)C1CCOCC1,Ki,6.29
CHEMBL3642690,CCOCC(=O)N[C@H]1CC[C@H](CCN2CCN(c3nccc4occc34)CC2)CC1,Ki,6.0
CHEMBL3642691,O=C(N[C@H]1CC[C@H](CCN2CCN(c3nccc4occc34)CC2)CC1)C1CC1,Ki,6.58
CHEMBL3642692,CS(=O)(=O)N[C@H]1CC[C@H](CCN2CCN(c3nccc4occc34)CC2)CC1,Ki,6.06
CHEMBL3642693,CC(=O)N[C@H]1CC[C@H](CCN2CCN(c3nccc4sccc34)CC2)CC1,Ki,6.92
CHEMBL3642694,CCS(=O)(=O)N[C@H]1CC[C@H](CCN2CCN(c3nccc4occc34)CC2)CC1,Ki,6.11
CHEMBL3642695,CN(C)S(=O)(=O)N[C@H]1CC[C@H](CCN2CCN(c3nccc4occc34)CC2)CC1,Ki,6.27
CHEMBL3642696,CCC(=O)N[C@H]1CC[C@H](CCN2CCN(c3nccc4sccc34)CC2)CC1,Ki,6.79
CHEMBL3642697,COCCC(=O)N[C@H]1CC[C@H](CCN2CCN(c3nccc4sccc34)CC2)CC1,Ki,6.52
CHEMBL3642698,CO[C@H]1CC[C@H](CC(=O)N[C@H]2CC[C@H](CCN3CCN(c4nccc5sccc45)CC3)CC2)CC1,Ki,6.52
CHEMBL3642699,CO[C@@H]1CC[C@@H](CC(=O)N[C@H]2CC[C@H](CCN3CCN(c4nccc5sccc45)CC3)CC2)C1,Ki,6.57
CHEMBL3642699,CO[C@@H]1CC[C@@H](CC(=O)N[C@H]2CC[C@H](CCN3CCN(c4nccc5sccc45)CC3)CC2)C1,Ki,6.63
CHEMBL3642700,COCC(=O)N[C@H]1CC[C@H](CCN2CCN(c3nccc4sccc34)CC2)CC1,Ki,6.66
CHEMBL3642701,O=C(CC1CCOCC1)N[C@H]1CC[C@H](CCN2CCN(c3nccc4sccc34)CC2)CC1,Ki,6.84
CHEMBL3642702,O=C(N[C@H]1CC[C@H](CCN2CCN(c3nccc4sccc34)CC2)CC1)C1CCOCC1,Ki,6.0
CHEMBL3642703,CO[C@H]1CC[C@H](CC(=O)N[C@H]2CC[C@H](CCN3CCN(c4nccc5sccc45)CC3)CC2)C1,Ki,6.61
CHEMBL3642704,O=C(CO)N[C@H]1CC[C@H](CCN2CCN(c3nccc4sccc34)CC2)CC1,Ki,6.66
CHEMBL3642705,O=C(C[C@H]1CC[C@H](O)CC1)N[C@H]1CC[C@H](CCN2CCN(c3nccc4sccc34)CC2)CC1,Ki,6.41
CHEMBL3642706,O=C(N[C@H]1CC[C@H](CCN2CCN(c3nccc4occc34)CC2)CC1)c1ccnc2ccccc12,Ki,6.34
CHEMBL3642707,CS(=O)(=O)N[C@H]1CC[C@H](CCN2CCN(c3nccc4sccc34)CC2)CC1,Ki,6.58
CHEMBL3642708,CCS(=O)(=O)N[C@H]1CC[C@H](CCN2CCN(c3nccc4sccc34)CC2)CC1,Ki,6.66
CHEMBL3642709,CC(=O)N[C@H]1CC[C@H](CCN2CCN(c3nccc4c3CCO4)CC2)CC1,Ki,6.11
CHEMBL3642710,O=C(N[C@H]1CC[C@H](CCN2CCN(c3nccc4c3CCO4)CC2)CC1)C1CCOCC1,Ki,6.3
CHEMBL3642711,O=C(CC1CCOCC1)N[C@H]1CC[C@H](CCN2CCN(c3nccc4c3CCO4)CC2)CC1,Ki,6.06
CHEMBL3642712,COCCC(=O)N[C@H]1CC[C@H](CCN2CCN(c3nccc4c3CCO4)CC2)CC1,Ki,5.83
CHEMBL3642713,CCC(=O)N[C@H]1CC[C@H](CCN2CCN(c3nccc4c3CCO4)CC2)CC1,Ki,6.09
CHEMBL3642714,O=C(CC1COCCO1)N[C@H]1CC[C@H](CCN2CCN(c3nccc4c3CCO4)CC2)CC1,Ki,5.83
CHEMBL3642715,COCC(=O)N[C@H]1CC[C@H](CCN2CCN(c3nccc4c3CCO4)CC2)CC1,Ki,5.81
CHEMBL3642716,CS(=O)(=O)CC(=O)N[C@H]1CC[C@H](CCN2CCN(c3nccc4c3CCO4)CC2)CC1,Ki,5.99
CHEMBL3642717,O=C(CO)N[C@H]1CC[C@H](CCN2CCN(c3nccc4c3CCO4)CC2)CC1,Ki,5.8
CHEMBL3642718,O=C(CCO)N[C@H]1CC[C@H](CCN2CCN(c3nccc4c3CCO4)CC2)CC1,Ki,6.13
CHEMBL3642719,O=C(N[C@H]1CC[C@H](CCN2CCN(c3nccc4c3CCO4)CC2)CC1)C1CCOC1,Ki,6.21
CHEMBL3642720,O=C(N[C@H]1CC[C@H](CCN2CCN(c3nccc4c3CCO4)CC2)CC1)C1CCCO1,Ki,5.98
CHEMBL3642721,O=C(N[C@H]1CC[C@H](CCN2CCN(c3nccc4c3CCO4)CC2)CC1)c1ccccc1,Ki,6.32
CHEMBL3642722,O=C(N[C@H]1CC[C@H](CCN2CCN(c3nccc4c3CCO4)CC2)CC1)c1ccc(F)cc1,Ki,6.47
CHEMBL3642723,O=C(N[C@H]1CC[C@H](CCN2CCN(c3nccc4c3CCO4)CC2)CC1)c1ccc(Cl)cc1,Ki,6.54
CHEMBL3642724,O=C(N[C@H]1CC[C@H](CCN2CCN(c3nccc4c3CCO4)CC2)CC1)c1ccc(C(F)(F)F)cc1,Ki,6.06
CHEMBL3642725,CS(=O)(=O)N[C@H]1CC[C@H](CCN2CCN(c3nccc4c3CCO4)CC2)CC1,Ki,5.9
CHEMBL3642726,CCS(=O)(=O)N[C@H]1CC[C@H](CCN2CCN(c3nccc4c3CCO4)CC2)CC1,Ki,5.96
CHEMBL3642727,O=S(=O)(N[C@H]1CC[C@H](CCN2CCN(c3nccc4c3CCO4)CC2)CC1)c1ccc(F)cc1,Ki,6.62
CHEMBL3642728,O=C(CC1CC1)N[C@H]1CC[C@H](CCN2CCN(c3nccc4c3CCO4)CC2)CC1,Ki,6.23
CHEMBL3642729,O=C(N[C@H]1CC[C@H](CCN2CCN(c3nccc4c3CCO4)CC2)CC1)C1CCC1,Ki,6.26
CHEMBL3642730,O=C(N[C@H]1CC[C@H](CCN2CCN(c3nccc4c3CCO4)CC2)CC1)C1CCCOC1,Ki,6.12
CHEMBL3642731,C[C@]1(O)CC[C@H](C(=O)N[C@H]2CC[C@H](CCN3CCN(c4nccc5c4CCO5)CC3)CC2)CC1,Ki,6.29
CHEMBL3642732,C[C@]1(O)CC[C@@H](C(=O)N[C@H]2CC[C@H](CCN3CCN(c4nccc5c4CCO5)CC3)CC2)CC1,Ki,6.32
CHEMBL3642733,O=C(N[C@H]1CC[C@H](CCN2CCN(c3nccc4c3CCO4)CC2)CC1)c1ccc(N2CCCCC2)cc1,Ki,5.27
CHEMBL3642734,O=C(N[C@H]1CC[C@H](CCN2CCN(c3nccc4c3CCO4)CC2)CC1)c1ccc(N2CCOCC2)cc1,Ki,6.06
CHEMBL3642735,O=C(N[C@H]1CC[C@H](CCN2CCN(c3nccc4c3CCO4)CC2)CC1)C1(O)CC1,Ki,6.23
CHEMBL3642736,N#CCC(=O)N[C@H]1CC[C@H](CCN2CCN(c3nccc4c3CCO4)CC2)CC1,Ki,6.15
CHEMBL3642737,O=C(CC(F)(F)F)N[C@H]1CC[C@H](CCN2CCN(c3nccc4c3CCO4)CC2)CC1,Ki,6.16
CHEMBL3642738,O=C(C[C@@H]1COCCO1)N[C@H]1CC[C@H](CCN2CCN(c3nccc4c3CCO4)CC2)CC1,Ki,5.95
CHEMBL3642739,O=C(N[C@H]1CC[C@H](CCN2CCN(c3nccc4c3CCO4)CC2)CC1)c1ccnc2ccccc12,Ki,6.26
CHEMBL3642740,O=C(N[C@H]1CC[C@H](CCN2CCN(c3nccc4c3CCO4)CC2)CC1)C1CC1,Ki,6.31
CHEMBL3642741,O=C(CC1CCCO1)N[C@H]1CC[C@H](CCN2CCN(c3nccc4c3CCO4)CC2)CC1,Ki,5.9
CHEMBL3642742,CO[C@H]1CC[C@H](CC(=O)N[C@H]2CC[C@H](CCN3CCN(c4nccc5c4CCO5)CC3)CC2)CC1,Ki,5.61
CHEMBL3642743,CN(C)S(=O)(=O)N[C@H]1CC[C@H](CCN2CCN(c3nccc4c3CCO4)CC2)CC1,Ki,6.11
CHEMBL3642744,O=C(C[C@H]1COCCO1)N[C@H]1CC[C@H](CCN2CCN(c3nccc4c3CCO4)CC2)CC1,Ki,5.83
CHEMBL3642745,O=C(C[C@H]1CCCO1)N[C@H]1CC[C@H](CCN2CCN(c3nccc4c3CCO4)CC2)CC1,Ki,6.04
CHEMBL3642746,O=C(C[C@@H]1CCCO1)N[C@H]1CC[C@H](CCN2CCN(c3nccc4c3CCO4)CC2)CC1,Ki,6.07
CHEMBL3642747,CC(C)(C)C(=O)N[C@H]1CC[C@H](CCN2CCN(c3nccc4c3CCO4)CC2)CC1,Ki,6.28
CHEMBL3642748,CC(C)CC(=O)N[C@H]1CC[C@H](CCN2CCN(c3nccc4c3CCO4)CC2)CC1,Ki,6.18
CHEMBL3642749,CC(C)(C)CC(=O)N[C@H]1CC[C@H](CCN2CCN(c3nccc4c3CCO4)CC2)CC1,Ki,6.35
CHEMBL3642750,O=C(CC1CCC1)N[C@H]1CC[C@H](CCN2CCN(c3nccc4c3CCO4)CC2)CC1,Ki,6.22
CHEMBL3642751,O=C(N[C@H]1CC[C@H](CCN2CCN(c3nccc4c3CCO4)CC2)CC1)C1CC1(F)F,Ki,6.36
CHEMBL3642752,CC(C)C(=O)N[C@H]1CC[C@H](CCN2CCN(c3nccc4c3CCO4)CC2)CC1,Ki,6.15
CHEMBL3642753,CCC(C)C(=O)N[C@H]1CC[C@H](CCN2CCN(c3nccc4c3CCO4)CC2)CC1,Ki,6.15
CHEMBL3642754,O=C(CC1COC1)N[C@H]1CC[C@H](CCN2CCN(c3nccc4c3CCO4)CC2)CC1,Ki,6.12
CHEMBL3642755,CN(C)C(=O)N[C@H]1CC[C@H](CCN2CCN(c3nccc4c3CCO4)CC2)CC1,Ki,6.49
CHEMBL3642756,O=C(N[C@H]1CC[C@H](CCN2CCN(c3nccc4c3CCO4)CC2)CC1)C(F)(F)F,Ki,6.11
CHEMBL3642757,CC(C)=CC(=O)N[C@H]1CC[C@H](CCN2CCN(c3nccc4c3CCO4)CC2)CC1,Ki,6.7
CHEMBL3642758,C/C=C/CC(=O)N[C@H]1CC[C@H](CCN2CCN(c3nccc4c3CCO4)CC2)CC1,Ki,6.02
CHEMBL3642759,CC#CC(=O)N[C@H]1CC[C@H](CCN2CCN(c3nccc4c3CCO4)CC2)CC1,Ki,6.37
CHEMBL3642760,O=CN[C@H]1CC[C@H](CCN2CCN(c3nccc4c3CCO4)CC2)CC1,Ki,6.08
CHEMBL3642761,Cc1cc(CC(=O)N[C@H]2CC[C@H](CCN3CCN(c4nccc5c4CCO5)CC3)CC2)on1,Ki,5.88
CHEMBL3642762,Cc1cc(C(=O)N[C@H]2CC[C@H](CCN3CCN(c4nccc5c4CCO5)CC3)CC2)on1,Ki,6.4
CHEMBL3642763,CN(C)C(=O)CCC(=O)N[C@H]1CC[C@H](CCN2CCN(c3nccc4c3CCO4)CC2)CC1,Ki,5.59
CHEMBL3642764,CC(C)(O)CC(=O)N[C@H]1CC[C@H](CCN2CCN(c3nccc4c3CCO4)CC2)CC1,Ki,6.0
CHEMBL3642765,O=C(C[C@@H](O)C(F)(F)F)N[C@H]1CC[C@H](CCN2CCN(c3nccc4c3CCO4)CC2)CC1,Ki,6.14
CHEMBL3642766,CC[C@H](O)CC(=O)N[C@H]1CC[C@H](CCN2CCN(c3nccc4c3CCO4)CC2)CC1,Ki,6.05
CHEMBL3642767,CO[C@H]1CC[C@H](CC(=O)N[C@H]2CC[C@H](CCN3CCN(c4nccc5c4CCO5)CC3)CC2)C1,Ki,5.89
CHEMBL3642768,O=C(CC1C[C@H](O)CO1)N[C@H]1CC[C@H](CCN2CCN(c3nccc4c3CCO4)CC2)CC1,Ki,6.03
CHEMBL3642769,CCCC(=O)N[C@H]1CC[C@H](CCN2CCN(c3nccc4c3CCO4)CC2)CC1,Ki,6.08
CHEMBL3642770,CC(C)CCC(=O)N[C@H]1CC[C@H](CCN2CCN(c3nccc4c3CCO4)CC2)CC1,Ki,5.89
CHEMBL3642771,CCCCC(=O)N[C@H]1CC[C@H](CCN2CCN(c3nccc4c3CCO4)CC2)CC1,Ki,5.94
CHEMBL3642772,O=C(CCC(F)(F)F)N[C@H]1CC[C@H](CCN2CCN(c3nccc4c3CCO4)CC2)CC1,Ki,5.9
CHEMBL3642773,CC(=O)N[C@H]1CC[C@H](CCN2CCN(c3nc(C)cc4occc34)CC2)CC1,Ki,6.6
CHEMBL3642774,Cc1cc2occc2c(N2CCN(CC[C@H]3CC[C@H](NC(=O)C4CCOCC4)CC3)CC2)n1,Ki,6.56
CHEMBL3642775,Cc1cc2occc2c(N2CCN(CC[C@H]3CC[C@H](NC(=O)CC4CCOCC4)CC3)CC2)n1,Ki,6.19
CHEMBL3642776,COCCC(=O)N[C@H]1CC[C@H](CCN2CCN(c3nc(C)cc4occc34)CC2)CC1,Ki,6.37
CHEMBL3642777,CC(=O)N[C@H]1CC[C@H](CCN2CCN(c3nc(C)cc4c3CCO4)CC2)CC1,Ki,6.04
CHEMBL3642778,Cc1cc2c(c(N3CCN(CC[C@H]4CC[C@H](NC(=O)C5CCOCC5)CC4)CC3)n1)CCO2,Ki,5.71
CHEMBL3642779,COCCC(=O)N[C@H]1CC[C@H](CCN2CCN(c3nc(C)cc4c3CCO4)CC2)CC1,Ki,5.83
CHEMBL3642780,CC(=O)N[C@H]1CC[C@H](CCN2CCN(c3ncc(C)c4occc34)CC2)CC1,Ki,5.83
CHEMBL3642781,Cc1cnc(N2CCN(CC[C@H]3CC[C@H](NC(=O)C4CCOCC4)CC3)CC2)c2ccoc12,Ki,5.95
CHEMBL3642782,Cc1cnc(N2CCN(CC[C@H]3CC[C@H](NC(=O)CC4CCOCC4)CC3)CC2)c2ccoc12,Ki,5.57
CHEMBL3642783,COCCC(=O)N[C@H]1CC[C@H](CCN2CCN(c3ncc(C)c4occc34)CC2)CC1,Ki,5.61
CHEMBL3642784,CC(=O)N[C@H]1CC[C@H](CCN2CCN(c3ncc(C)c4c3CCO4)CC2)CC1,Ki,5.64
CHEMBL3642785,Cc1cnc(N2CCN(CC[C@H]3CC[C@H](NC(=O)C4CCOCC4)CC3)CC2)c2c1OCC2,Ki,5.35
CHEMBL3642786,Cc1cnc(N2CCN(CC[C@H]3CC[C@H](NC(=O)CC4CCOCC4)CC3)CC2)c2c1OCC2,Ki,5.53
CHEMBL3642787,COCCC(=O)N[C@H]1CC[C@H](CCN2CCN(c3ncc(C)c4c3CCO4)CC2)CC1,Ki,5.45
CHEMBL3642788,O=C(N[C@H]1CC[C@H](CCN2CCN(c3nccc4c3CCO4)CC2)CC1)C(O)C(F)(F)F,Ki,6.07
CHEMBL3642789,COC(CC(=O)N[C@H]1CC[C@H](CCN2CCN(c3nccc4c3CCO4)CC2)CC1)OC,Ki,5.86
CHEMBL3642790,COC(CCC(=O)N[C@H]1CC[C@H](CCN2CCN(c3nccc4c3CCO4)CC2)CC1)OC,Ki,5.63
CHEMBL3642791,CS(=O)(=O)c1ccc(C(=O)N[C@H]2CC[C@H](CCN3CCN(c4nccc5c4CCO5)CC3)CC2)s1,Ki,6.29
CHEMBL3642792,Cc1ccc(C(=O)N[C@H]2CC[C@H](CCN3CCN(c4nccc5c4CCO5)CC3)CC2)cn1,Ki,6.5
CHEMBL3642793,N#Cc1ccc(C(=O)N[C@H]2CC[C@H](CCN3CCN(c4nccc5c4CCO5)CC3)CC2)cc1,Ki,6.42
CHEMBL3642794,CN1CCN(c2ccc(C(=O)N[C@H]3CC[C@H](CCN4CCN(c5nccc6c5CCO6)CC4)CC3)cc2)CC1,Ki,6.75
CHEMBL3642795,O=C(N[C@H]1CC[C@H](CCN2CCN(c3nccc4c3CCO4)CC2)CC1)c1ccc(N2CCOCC2)nc1,Ki,6.0
CHEMBL3642796,O=C(N[C@H]1CC[C@H](CCN2CCN(c3nccc4c3CCO4)CC2)CC1)c1ccc(-c2cccnc2)cc1,Ki,6.65
CHEMBL3642797,O=C(N[C@H]1CC[C@H](CCN2CCN(c3nccc4c3CCO4)CC2)CC1)c1ccc2c(c1)OCO2,Ki,5.47
CHEMBL3642798,O=C(Cc1ccc2c(c1)OCO2)N[C@H]1CC[C@H](CCN2CCN(c3nccc4c3CCO4)CC2)CC1,Ki,5.52
CHEMBL3642799,O=C(N[C@H]1CC[C@H](CCN2CCN(c3nccc4c3CCO4)CC2)CC1)C1(O)CCC1,Ki,6.02
CHEMBL3642800,CC(C)(O)C(=O)N[C@H]1CC[C@H](CCN2CCN(c3nccc4c3CCO4)CC2)CC1,Ki,5.9
CHEMBL3642801,O=C(N[C@H]1CC[C@H](CCN2CCN(c3nccc4c3CCO4)CC2)CC1)c1ccc(N2CCS(=O)(=O)CC2)cc1,Ki,6.93
CHEMBL3642802,O=C(N[C@H]1CC[C@H](CCN2CCN(c3nccc4c3CCO4)CC2)CC1)c1ccc(-n2cccn2)cc1,Ki,6.32
CHEMBL3642803,Cc1nc(-c2cccc(C(=O)N[C@H]3CC[C@H](CCN4CCN(c5nccc6c5CCO6)CC4)CC3)c2)no1,Ki,5.67
CHEMBL3642804,O=C(N[C@H]1CC[C@H](CCN2CCN(c3nccc4c3CCO4)CC2)CC1)c1ccc2ncccc2c1,Ki,6.3
CHEMBL3642805,O=C(Cc1noc2ccccc12)N[C@H]1CC[C@H](CCN2CCN(c3nccc4c3CCO4)CC2)CC1,Ki,5.88
CHEMBL3642806,O=C(N[C@H]1CC[C@H](CCN2CCN(c3nccc4c3CCO4)CC2)CC1)c1cnc(N2CCOCC2)cn1,Ki,6.3
CHEMBL3642807,CC(C)(C)c1ccc(C(=O)N[C@H]2CC[C@H](CCN3CCN(c4nccc5c4CCO5)CC3)CC2)cc1,Ki,5.78
CHEMBL3642808,O=C(N[C@H]1CC[C@H](CCN2CCN(c3nccc4c3CCO4)CC2)CC1)c1ccc(Cl)cc1Cl,Ki,6.29
CHEMBL3642809,O=C(N[C@H]1CC[C@H](CCN2CCN(c3nccc4c3CCO4)CC2)CC1)c1ccc(-n2cccc2)cc1,Ki,6.79
CHEMBL3642810,O=C(N[C@H]1CC[C@H](CCN2CCN(c3nccc4c3CCO4)CC2)CC1)c1ccc(-c2ccccc2)cc1,Ki,5.95
CHEMBL3642811,CO[C@H](C)C(=O)N[C@H]1CC[C@H](CCN2CCN(c3nccc4c3CCO4)CC2)CC1,Ki,6.17
CHEMBL3642812,CC(C)(C)Oc1ccc(C(=O)N[C@H]2CC[C@H](CCN3CCN(c4nccc5c4CCO5)CC3)CC2)cc1,Ki,5.5
CHEMBL3642813,CO[C@@H](C)C(=O)N[C@H]1CC[C@H](CCN2CCN(c3nccc4c3CCO4)CC2)CC1,Ki,6.1
CHEMBL3642814,O=S(=O)(N[C@H]1CC[C@H](CCN2CCN(c3nccc4c3CCO4)CC2)CC1)c1ccccc1,Ki,6.62
CHEMBL3642815,COC(C)CC(=O)N[C@H]1CC[C@H](CCN2CCN(c3nccc4c3CCO4)CC2)CC1,Ki,6.1
CHEMBL3642816,CC[C@@H](O)CC(=O)N[C@H]1CC[C@H](CCN2CCN(c3nccc4c3CCO4)CC2)CC1,Ki,6.07
CHEMBL3642817,O=C(CC1(O)CCC1)N[C@H]1CC[C@H](CCN2CCN(c3nccc4c3CCO4)CC2)CC1,Ki,6.39
CHLORHEXIDINE,N=C(NCCCCCCNC(=N)NC(=N)Nc1ccc(Cl)cc1)NC(=N)Nc1ccc(Cl)cc1,AC50,5.38
chlorpromazine,CN(C)CCCN1c2ccccc2Sc2ccc(Cl)cc21,AC50,7.28
chlorpromazine,CN(C)CCCN1c2ccccc2Sc2ccc(Cl)cc21,IC50,7.27
chlorpromazine,CN(C)CCCN1c2ccccc2Sc2ccc(Cl)cc21,Ki,7.75
cinacalcet,C[C@@H](NCCCc1cccc(C(F)(F)F)c1)c1cccc2ccccc12,AC50,5.44
CINITAPRIDE,CCOc1cc(N)c([N+](=O)[O-])cc1C(=O)NC1CCN(CC2CC=CCC2)CC1,AC50,7.42
cinnarizine,C(=C/c1ccccc1)\CN1CCN(C(c2ccccc2)c2ccccc2)CC1,AC50,4.82
cinnarizine,C(=C/c1ccccc1)\CN1CCN(C(c2ccccc2)c2ccccc2)CC1,IC50,6.11
cinnarizine,C(=C/c1ccccc1)\CN1CCN(C(c2ccccc2)c2ccccc2)CC1,Ki,6.59
cinnarizine,C(=C/c1ccccc1)\CN1CCN(C(c2ccccc2)c2ccccc2)CC1,pKi,8.18
cisapride,COc1cc(N)c(Cl)cc1C(=O)NC1CCN(CCCOc2ccc(F)cc2)CC1OC,AC50,6.35
cisapride,COc1cc(N)c(Cl)cc1C(=O)NC1CCN(CCCOc2ccc(F)cc2)CC1OC,IC50,6.33
cisapride,COc1cc(N)c(Cl)cc1C(=O)NC1CCN(CCCOc2ccc(F)cc2)CC1OC,Ki,6.8
CLEBOPRIDE,COc1cc(N)c(Cl)cc1C(=O)NC1CCN(Cc2ccccc2)CC1,AC50,8.0
clemastine,CN1CCC[C@@H]1CCO[C@](C)(c1ccccc1)c1ccc(Cl)cc1,AC50,5.92
clemastine,CN1CCC[C@@H]1CCO[C@](C)(c1ccccc1)c1ccc(Cl)cc1,IC50,6.87
clemastine,CN1CCC[C@@H]1CCO[C@](C)(c1ccccc1)c1ccc(Cl)cc1,Ki,7.35
clemastine,CN1CCC[C@@H]1CCO[C@](C)(c1ccccc1)c1ccc(Cl)cc1,pKi,8.13
CLOFAZIMINE,CC(C)/N=c1\cc2n(-c3ccc(Cl)cc3)c3ccccc3nc-2cc1Nc1ccc(Cl)cc1,AC50,5.05
clomipramine,CN(C)CCCN1c2ccccc2CCc2ccc(Cl)cc21,AC50,6.41
clomipramine,CN(C)CCCN1c2ccccc2CCc2ccc(Cl)cc21,IC50,6.38
clomipramine,CN(C)CCCN1c2ccccc2CCc2ccc(Cl)cc21,Ki,6.86
CLOTHIAPINE,CN1CCN(C2=Nc3ccccc3Sc3ccc(Cl)cc32)CC1,AC50,6.7
CLOTRIMAZOLE,Clc1ccccc1C(c1ccccc1)(c1ccccc1)n1ccnc1,AC50,5.31
CLOTRIMAZOLE,Clc1ccccc1C(c1ccccc1)(c1ccccc1)n1ccnc1,IC50,4.91
CLOTRIMAZOLE,Clc1ccccc1C(c1ccccc1)(c1ccccc1)n1ccnc1,Ki,5.39
CLOTRIMAZOLE,Clc1ccccc1C(c1ccccc1)(c1ccccc1)n1ccnc1,pKi,8.27
clozapine,CN1CCN(C2=Nc3cc(Cl)ccc3Nc3ccccc32)CC1,AC50,6.14
clozapine,CN1CCN(C2=Nc3cc(Cl)ccc3Nc3ccccc32)CC1,IC50,6.41
clozapine,CN1CCN(C2=Nc3cc(Cl)ccc3Nc3ccccc32)CC1,Ki,6.89
CYCLOBENZAPRINE,CN(C)CCC=C1c2ccccc2C=Cc2ccccc21,AC50,5.44
cyproheptadine,CN1CCC(=C2c3ccccc3C=Cc3ccccc32)CC1,IC50,6.79
cyproheptadine,CN1CCC(=C2c3ccccc3C=Cc3ccccc32)CC1,Ki,7.26
DACOMITINIB ANHYDROUS,COc1cc2ncnc(Nc3ccc(F)c(Cl)c3)c2cc1NC(=O)/C=C/CN1CCCCC1,AC50,5.1
darifenacin,NC(=O)C(c1ccccc1)(c1ccccc1)[C@@H]1CCN(CCc2ccc3c(c2)CCO3)C1,AC50,4.96
DAUNORUBICIN,COc1cccc2c1C(=O)c1c(O)c3c(c(O)c1C2=O)C[C@@](O)(C(C)=O)C[C@@H]3O[C@H]1C[C@H](N)[C@H](O)[C@H](C)O1,AC50,4.86
DESIPRAMINE,CNCCCN1c2ccccc2CCc2ccccc21,AC50,5.08
desloratadine,Clc1ccc2c(c1)CCc1cccnc1C2=C1CCNCC1,AC50,5.8
DIETHYLSTILBESTROL,CC/C(=C(/CC)c1ccc(O)cc1)c1ccc(O)cc1,IC50,4.88
DIETHYLSTILBESTROL,CC/C(=C(/CC)c1ccc(O)cc1)c1ccc(O)cc1,Ki,5.35
DIETHYLSTILBESTROL,CC/C(=C(/CC)c1ccc(O)cc1)c1ccc(O)cc1,pKi,8.27
DIHYDROERGOCRISTINE,CC(C)[C@@]1(NC(=O)[C@@H]2C[C@@H]3c4cccc5[nH]cc(c45)C[C@H]3N(C)C2)O[C@@]2(O)[C@@H]3CCCN3C(=O)[C@H](Cc3ccccc3)N2C1=O,IC50,8.83
DIHYDROERGOCRISTINE,CC(C)[C@@]1(NC(=O)[C@@H]2C[C@@H]3c4cccc5[nH]cc(c45)C[C@H]3N(C)C2)O[C@@]2(O)[C@@H]3CCCN3C(=O)[C@H](Cc3ccccc3)N2C1=O,Ki,9.31
DIHYDROERGOCRISTINE,CC(C)[C@@]1(NC(=O)[C@@H]2C[C@@H]3c4cccc5[nH]cc(c45)C[C@H]3N(C)C2)O[C@@]2(O)[C@@H]3CCCN3C(=O)[C@H](Cc3ccccc3)N2C1=O,pKi,8.03
dihydroergotamine,CN1C[C@H](C(=O)N[C@]2(C)O[C@@]3(O)[C@@H]4CCCN4C(=O)[C@H](Cc4ccccc4)N3C2=O)C[C@@H]2c3cccc4[nH]cc(c34)C[C@H]21,AC50,7.4
dihydroergotamine,CN1C[C@H](C(=O)N[C@]2(C)O[C@@]3(O)[C@@H]4CCCN4C(=O)[C@H](Cc4ccccc4)N3C2=O)C[C@@H]2c3cccc4[nH]cc(c34)C[C@H]21,IC50,8.05
dihydroergotamine,CN1C[C@H](C(=O)N[C@]2(C)O[C@@]3(O)[C@@H]4CCCN4C(=O)[C@H](Cc4ccccc4)N3C2=O)C[C@@H]2c3cccc4[nH]cc(c34)C[C@H]21,Ki,8.53
dihydroergotamine,CN1C[C@H](C(=O)N[C@]2(C)O[C@@]3(O)[C@@H]4CCCN4C(=O)[C@H](Cc4ccccc4)N3C2=O)C[C@@H]2c3cccc4[nH]cc(c34)C[C@H]21,pKi,8.07
diphenidol,OC(CCCN1CCCCC1)(c1ccccc1)c1ccccc1,IC50,5.48
diphenidol,OC(CCCN1CCCCC1)(c1ccccc1)c1ccccc1,Ki,5.96
diphenidol,OC(CCCN1CCCCC1)(c1ccccc1)c1ccccc1,pKi,8.22
DISULFIRAM,CCN(CC)C(=S)SSC(=S)N(CC)CC,IC50,4.64
DISULFIRAM,CCN(CC)C(=S)SSC(=S)N(CC)CC,Ki,5.12
DISULFIRAM,CCN(CC)C(=S)SSC(=S)N(CC)CC,pKi,8.29
dobutamine,CC(CCc1ccc(O)cc1)NCCc1ccc(O)c(O)c1,AC50,5.09
DOMIPHEN,CCCCCCCCCCCC[N+](C)(C)CCOc1ccccc1,AC50,5.7
domperidone,O=c1[nH]c2ccccc2n1CCCN1CCC(n2c(=O)[nH]c3cc(Cl)ccc32)CC1,AC50,8.22
domperidone,O=c1[nH]c2ccccc2n1CCCN1CCC(n2c(=O)[nH]c3cc(Cl)ccc32)CC1,IC50,8.58
domperidone,O=c1[nH]c2ccccc2n1CCCN1CCC(n2c(=O)[nH]c3cc(Cl)ccc32)CC1,Ki,9.05
DOTHIEPIN,CN(C)CC/C=C1\c2ccccc2CSc2ccccc21,AC50,4.85
DOXEPIN,CN(C)CCC=C1c2ccccc2COc2ccccc21,AC50,5.85
DROPERIDOL,O=C(CCCN1CC=C(n2c(=O)[nH]c3ccccc32)CC1)c1ccc(F)cc1,IC50,8.62
DROPERIDOL,O=C(CCCN1CC=C(n2c(=O)[nH]c3ccccc32)CC1)c1ccc(F)cc1,Ki,9.1
duloxetine,CNCC[C@H](Oc1cccc2ccccc12)c1cccs1,AC50,5.18
EBASTINE,CC(C)(C)c1ccc(C(=O)CCCN2CCC(OC(c3ccccc3)c3ccccc3)CC2)cc1,AC50,5.41
EBASTINE,CC(C)(C)c1ccc(C(=O)CCCN2CCC(OC(c3ccccc3)c3ccccc3)CC2)cc1,IC50,5.94
EBASTINE,CC(C)(C)c1ccc(C(=O)CCCN2CCC(OC(c3ccccc3)c3ccccc3)CC2)cc1,Ki,6.42
ECONAZOLE,Clc1ccc(COC(Cn2ccnc2)c2ccc(Cl)cc2Cl)cc1,IC50,4.89
ECONAZOLE,Clc1ccc(COC(Cn2ccnc2)c2ccc(Cl)cc2Cl)cc1,Ki,5.37
ECONAZOLE,Clc1ccc(COC(Cn2ccnc2)c2ccc(Cl)cc2Cl)cc1,pKi,8.27
EMETINE,CC[C@H]1CN2CCc3cc(OC)c(OC)cc3[C@@H]2C[C@@H]1C[C@H]1NCCc2cc(OC)c(OC)cc21,AC50,4.8
EPALRESTAT,CC(/C=C1\SC(=S)N(CC(=O)O)C1=O)=C\c1ccccc1,AC50,5.04
ERGOCORNINE,CC(C)[C@H]1C(=O)N2CCC[C@H]2[C@]2(O)O[C@](NC(=O)[C@@H]3C=C4c5cccc6[nH]cc(c56)C[C@H]4N(C)C3)(C(C)C)C(=O)N12,IC50,8.3
ERGOCORNINE,CC(C)[C@H]1C(=O)N2CCC[C@H]2[C@]2(O)O[C@](NC(=O)[C@@H]3C=C4c5cccc6[nH]cc(c56)C[C@H]4N(C)C3)(C(C)C)C(=O)N12,Ki,8.78
ergometrine,C[C@@H](CO)NC(=O)[C@@H]1C=C2c3cccc4[nH]cc(c34)C[C@H]2N(C)C1,IC50,6.26
ergometrine,C[C@@H](CO)NC(=O)[C@@H]1C=C2c3cccc4[nH]cc(c34)C[C@H]2N(C)C1,Ki,6.74
ergotamine,CN1C[C@H](C(=O)N[C@]2(C)O[C@@]3(O)[C@@H]4CCCN4C(=O)[C@H](Cc4ccccc4)N3C2=O)C=C2c3cccc4[nH]cc(c34)C[C@H]21,AC50,5.66
ergotamine,CN1C[C@H](C(=O)N[C@]2(C)O[C@@]3(O)[C@@H]4CCCN4C(=O)[C@H](Cc4ccccc4)N3C2=O)C=C2c3cccc4[nH]cc(c34)C[C@H]21,IC50,8.37
ergotamine,CN1C[C@H](C(=O)N[C@]2(C)O[C@@]3(O)[C@@H]4CCCN4C(=O)[C@H](Cc4ccccc4)N3C2=O)C=C2c3cccc4[nH]cc(c34)C[C@H]21,Ki,8.84
ERGOTAMINE,CN1CC(C(=O)NC2(C)OC3(O)C4CCCN4C(=O)C(Cc4ccccc4)N3C2=O)C=C2c3cccc4[nH]cc(c34)CC21,pKi,8.05
fenoldopam,Oc1ccc(C2CNCCc3c2cc(O)c(O)c3Cl)cc1,AC50,5.42
flunarizine,Fc1ccc(C(c2ccc(F)cc2)N2CCN(C/C=C/c3ccccc3)CC2)cc1,IC50,6.45
flunarizine,Fc1ccc(C(c2ccc(F)cc2)N2CCN(C/C=C/c3ccccc3)CC2)cc1,Ki,6.93
flunarizine,Fc1ccc(C(c2ccc(F)cc2)N2CCN(C/C=C/c3ccccc3)CC2)cc1,pKi,8.16
fluoxetine,CNCCC(Oc1ccc(C(F)(F)F)cc1)c1ccccc1,AC50,5.15
fluphenazine,OCCN1CCN(CCCN2c3ccccc3Sc3ccc(C(F)(F)F)cc32)CC1,AC50,8.42
fluphenazine,OCCN1CCN(CCCN2c3ccccc3Sc3ccc(C(F)(F)F)cc32)CC1,IC50,8.79
fluphenazine,OCCN1CCN(CCCN2c3ccccc3Sc3ccc(C(F)(F)F)cc32)CC1,Ki,9.27
fluspirilene,O=C1NCN(c2ccccc2)C12CCN(CCCC(c1ccc(F)cc1)c1ccc(F)cc1)CC2,AC50,7.37
GALLOPAMIL,COc1ccc(CCN(C)CCCC(C#N)(c2cc(OC)c(OC)c(OC)c2)C(C)C)cc1OC,AC50,5.0
haloperidol,O=C(CCCN1CCC(O)(c2ccc(Cl)cc2)CC1)c1ccc(F)cc1,AC50,7.91
haloperidol,O=C(CCCN1CCC(O)(c2ccc(Cl)cc2)CC1)c1ccc(F)cc1,IC50,8.18
haloperidol,O=C(CCCN1CCC(O)(c2ccc(Cl)cc2)CC1)c1ccc(F)cc1,Ki,8.66
HEXAMETHYL PARAROSANILINE,CN(C)c1ccc(C(=C2C=CC(=[N+](C)C)C=C2)c2ccc(N(C)C)cc2)cc1,IC50,5.5
HEXAMETHYL PARAROSANILINE,CN(C)c1ccc(C(=C2C=CC(=[N+](C)C)C=C2)c2ccc(N(C)C)cc2)cc1,Ki,5.97
HEXAMETHYL PARAROSANILINE,CN(C)c1ccc(C(=C2C=CC(=[N+](C)C)C=C2)c2ccc(N(C)C)cc2)cc1,pKi,8.22
hydroxyzine,OCCOCCN1CCN(C(c2ccccc2)c2ccc(Cl)cc2)CC1,AC50,5.62
IBOPAMINE,CNCCc1ccc(OC(=O)C(C)C)c(OC(=O)C(C)C)c1,AC50,4.55
IDARUBICIN,CC(=O)[C@]1(O)Cc2c(O)c3c(c(O)c2[C@@H](O[C@H]2C[C@H](N)[C@H](O)[C@H](C)O2)C1)C(=O)c1ccccc1C3=O,AC50,4.96
IFENPRODIL,CC(C(O)c1ccc(O)cc1)N1CCC(Cc2ccccc2)CC1,AC50,5.57
iloperidone,COc1cc(C(C)=O)ccc1OCCCN1CCC(c2noc3cc(F)ccc23)CC1,AC50,7.34
imipramine,CN(C)CCCN1c2ccccc2CCc2ccccc21,AC50,5.89
INDOCYANINE GREEN ACID FORM,CC1(C)C(/C=C/C=C/C=C/C=C2\N(CCCCS(=O)(=O)O)c3ccc4ccccc4c3C2(C)C)=[N+](CCCCS(=O)(=O)[O-])c2ccc3ccccc3c21,AC50,5.06
IPRINDOLE,CN(C)CCCn1c2c(c3ccccc31)CCCCCC2,AC50,5.21
ISOCONAZOLE,Clc1ccc(C(Cn2ccnc2)OCc2c(Cl)cccc2Cl)c(Cl)c1,AC50,5.05
ITOPRIDE,COc1ccc(C(=O)NCc2ccc(OCCN(C)C)cc2)cc1OC,AC50,5.02
ketanserin,O=C(c1ccc(F)cc1)C1CCN(CCn2c(=O)[nH]c3ccccc3c2=O)CC1,AC50,5.6
LASOFOXIFENE,Oc1ccc2c(c1)CC[C@H](c1ccccc1)[C@@H]2c1ccc(OCCN2CCCC2)cc1,AC50,5.07
LIDAMIDINE,CN=C(N)NC(=O)Nc1c(C)cccc1C,AC50,5.8
LIDOFLAZINE,Cc1cccc(C)c1NC(=O)CN1CCN(CCCC(c2ccc(F)cc2)c2ccc(F)cc2)CC1,AC50,5.82
lisuride,CCN(CC)C(=O)N[C@H]1C=C2c3cccc4[nH]cc(c34)C[C@H]2N(C)C1,IC50,8.54
lisuride,CCN(CC)C(=O)N[C@H]1C=C2c3cccc4[nH]cc(c34)C[C@H]2N(C)C1,Ki,9.02
LOFEPRAMINE,CN(CCCN1c2ccccc2CCc2ccccc21)CC(=O)c1ccc(Cl)cc1,AC50,4.72
LOMERIZINE,COc1ccc(CN2CCN(C(c3ccc(F)cc3)c3ccc(F)cc3)CC2)c(OC)c1OC,AC50,5.16
LONAZOLAC,O=C(O)Cc1cn(-c2ccccc2)nc1-c1ccc(Cl)cc1,AC50,6.08
loxapine,CN1CCN(C2=Nc3ccccc3Oc3ccc(Cl)cc32)CC1,AC50,7.23
lurasidone,O=C1[C@H]2[C@@H]3CC[C@@H](C3)[C@H]2C(=O)N1C[C@@H]1CCCC[C@H]1CN1CCN(c2nsc3ccccc23)CC1,AC50,7.75
MADURAMICIN,CO[C@H]1C[C@@H](O[C@H]2C[C@H]([C@H]3O[C@](C)(O)[C@H](C)C[C@@H]3C)O[C@H]2[C@]2(C)CC[C@H]([C@]3(C)CC[C@]4(C[C@H](O)[C@@H](C)[C@@H]([C@@H](C)[C@@H]5O[C@](O)(CC(=O)O)[C@@H](C)[C@H](OC)[C@H]5OC)O4)O3)O2)O[C@@H](C)[C@@H]1OC,IC50,6.15
MADURAMICIN,CO[C@H]1C[C@@H](O[C@H]2C[C@H]([C@H]3O[C@](C)(O)[C@H](C)C[C@@H]3C)O[C@H]2[C@]2(C)CC[C@H]([C@]3(C)CC[C@]4(C[C@H](O)[C@@H](C)[C@@H]([C@@H](C)[C@@H]5O[C@](O)(CC(=O)O)[C@@H](C)[C@H](OC)[C@H]5OC)O4)O3)O2)O[C@@H](C)[C@@H]1OC,Ki,6.63
MANIDIPINE 6300,COC(=O)C1=C(C)NC(C)=C(C(=O)OCCN2CCN(C(c3ccccc3)c3ccccc3)CC2)C1c1cccc([N+](=O)[O-])c1,AC50,5.18
MAPROTILINE,CNCCCC12CCC(c3ccccc31)c1ccccc12,AC50,4.89
MAPROTILINE,CNCCCC12CCC(c3ccccc31)c1ccccc12,IC50,5.46
MAPROTILINE,CNCCCC12CCC(c3ccccc31)c1ccccc12,Ki,5.94
MASOPROCOL,C[C@@H](Cc1ccc(O)c(O)c1)[C@H](C)Cc1ccc(O)c(O)c1,AC50,5.16
MASOPROCOL,C[C@@H](Cc1ccc(O)c(O)c1)[C@H](C)Cc1ccc(O)c(O)c1,AC50,5.0
MEBEVERINE,CCN(CCCCOC(=O)c1ccc(OC)c(OC)c1)C(C)Cc1ccc(OC)cc1,AC50,4.68
MECLIZINE,Cc1cccc(CN2CCN(C(c3ccccc3)c3ccc(Cl)cc3)CC2)c1,AC50,5.51
MELITRACEN,CN(C)CCC=C1c2ccccc2C(C)(C)c2ccccc21,AC50,5.27
MEQUITAZINE,c1ccc2c(c1)Sc1ccccc1N2CC1CN2CCC1CC2,AC50,5.07
metergoline,CN1C[C@H](CNC(=O)OCc2ccccc2)C[C@@H]2c3cccc4c3c(cn4C)C[C@H]21,IC50,7.2
metergoline,CN1C[C@H](CNC(=O)OCc2ccccc2)C[C@@H]2c3cccc4c3c(cn4C)C[C@H]21,Ki,7.68
metergoline,CN1C[C@H](CNC(=O)OCc2ccccc2)C[C@@H]2c3cccc4c3c(cn4C)C[C@H]21,pKi,8.11
methylergonovine,CC[C@@H](CO)NC(=O)[C@@H]1C=C2c3cccc4[nH]cc(c34)C[C@H]2N(C)C1,IC50,6.08
methylergonovine,CC[C@@H](CO)NC(=O)[C@@H]1C=C2c3cccc4[nH]cc(c34)C[C@H]2N(C)C1,Ki,6.56
methylergonovine,CC[C@@H](CO)NC(=O)[C@@H]1C=C2c3cccc4[nH]cc(c34)C[C@H]2N(C)C1,pKi,8.18
methysergide,CC[C@@H](CO)NC(=O)[C@@H]1C=C2c3cccc4c3c(cn4C)C[C@H]2N(C)C1,AC50,6.51
methysergide,CC[C@@H](CO)NC(=O)[C@@H]1C=C2c3cccc4c3c(cn4C)C[C@H]2N(C)C1,IC50,6.09
methysergide,CC[C@@H](CO)NC(=O)[C@@H]1C=C2c3cccc4c3c(cn4C)C[C@H]2N(C)C1,Ki,6.57
methysergide,CC[C@@H](CO)NC(=O)[C@@H]1C=C2c3cccc4c3c(cn4C)C[C@H]2N(C)C1,pKi,8.18
metoclopramide,CCN(CC)CCNC(=O)c1cc(Cl)c(N)cc1OC,AC50,6.96
metoclopramide,CCN(CC)CCNC(=O)c1cc(Cl)c(N)cc1OC,IC50,6.9
metoclopramide,CCN(CC)CCNC(=O)c1cc(Cl)c(N)cc1OC,Ki,7.38
mianserin,CN1CCN2c3ccccc3Cc3ccccc3C2C1,AC50,5.5
MICONAZOLE,Clc1ccc(COC(Cn2ccnc2)c2ccc(Cl)cc2Cl)c(Cl)c1,IC50,4.9
MICONAZOLE,Clc1ccc(COC(Cn2ccnc2)c2ccc(Cl)cc2Cl)c(Cl)c1,Ki,5.38
MICONAZOLE,Clc1ccc(COC(Cn2ccnc2)c2ccc(Cl)cc2Cl)c(Cl)c1,pKi,8.27
molindone,CCc1c(C)[nH]c2c1C(=O)C(CN1CCOCC1)CC2,AC50,6.68
NAFAMOSTAT,N=C(N)Nc1ccc(C(=O)Oc2ccc3cc(C(=N)N)ccc3c2)cc1,AC50,4.7
NAFTIFINE,CN(C/C=C/c1ccccc1)Cc1cccc2ccccc12,AC50,5.41
NAFTOPIDIL,COc1ccccc1N1CCN(CC(O)COc2cccc3ccccc23)CC1,AC50,6.0
nebivolol,OC(CNCC(O)C1CCc2cc(F)ccc2O1)C1CCc2cc(F)ccc2O1,AC50,5.46
nefazodone,CCc1nn(CCCN2CCN(c3cccc(Cl)c3)CC2)c(=O)n1CCOc1ccccc1,AC50,6.57
nemonapride,CNc1cc(OC)c(C(=O)NC2CCN(Cc3ccccc3)C2C)cc1Cl,AC50,9.52
NERATINIB,CCOc1cc2ncc(C#N)c(Nc3ccc(OCc4ccccn4)c(Cl)c3)c2cc1NC(=O)/C=C/CN(C)C,AC50,5.0
NITAZOXANIDE,CC(=O)Oc1ccccc1C(=O)Nc1ncc([N+](=O)[O-])s1,AC50,4.85
NITRACRINE,CN(C)CCCNc1c2ccccc2nc2cccc([N+](=O)[O-])c12,AC50,4.85
NITROXOLINE,O=[N+]([O-])c1ccc(O)c2ncccc12,AC50,5.19
nortriptyline,CNCCC=C1c2ccccc2CCc2ccccc21,AC50,5.24
olanzapine,Cc1cc2c(s1)=Nc1ccccc1NC=2N1CCN(C)CC1,AC50,7.15
olanzapine,Cc1cc2c(s1)=Nc1ccccc1NC=2N1CCN(C)CC1,IC50,6.93
olanzapine,Cc1cc2c(s1)=Nc1ccccc1NC=2N1CCN(C)CC1,Ki,7.41
OPIPRAMOL,OCCN1CCN(CCCN2c3ccccc3C=Cc3ccccc32)CC1,AC50,6.05
OSIMERTINIB,C=CC(=O)Nc1cc(Nc2nccc(-c3cn(C)c4ccccc34)n2)c(OC)cc1N(C)CCN(C)C,AC50,5.15
OTILONIUM,CCCCCCCCOc1ccccc1C(=O)Nc1ccc(C(=O)OCC[N+](C)(CC)CC)cc1,AC50,5.37
OXAPROZIN,O=C(O)CCc1nc(-c2ccccc2)c(-c2ccccc2)o1,AC50,5.93
OXATOMIDE,O=c1[nH]c2ccccc2n1CCCN1CCN(C(c2ccccc2)c2ccccc2)CC1,AC50,6.48
OXYPERTINE,COc1cc2[nH]c(C)c(CCN3CCN(c4ccccc4)CC3)c2cc1OC,AC50,6.04
pasireotide,-,AC50,5.42
pergolide,CCCN1C[C@H](CSC)C[C@@H]2c3cccc4[nH]cc(c34)C[C@H]21,AC50,6.96
pergolide,CCCN1C[C@H](CSC)C[C@@H]2c3cccc4[nH]cc(c34)C[C@H]21,IC50,6.96
pergolide,CCCN1C[C@H](CSC)C[C@@H]2c3cccc4[nH]cc(c34)C[C@H]21,Ki,7.43
perphenazine,OCCN1CCN(CCCN2c3ccccc3Sc3ccc(Cl)cc32)CC1,AC50,7.77
PHENAZOPYRIDINE,Nc1ccc(/N=N/c2ccccc2)c(N)n1,AC50,5.48
phenoxybenzamine,CC(COc1ccccc1)N(CCCl)Cc1ccccc1,AC50,5.3
pimozide,O=c1[nH]c2ccccc2n1C1CCN(CCCC(c2ccc(F)cc2)c2ccc(F)cc2)CC1,AC50,7.8
PIPAMAZINE,NC(=O)C1CCN(CCCN2c3ccccc3Sc3ccc(Cl)cc32)CC1,IC50,8.39
PIPAMAZINE,NC(=O)C1CCN(CCCN2c3ccccc3Sc3ccc(Cl)cc32)CC1,Ki,8.87
PIPAMAZINE,NC(=O)C1CCN(CCCN2c3ccccc3Sc3ccc(Cl)cc32)CC1,pKi,8.05
PIPERACETAZINE,CC(=O)c1ccc2c(c1)N(CCCN1CCC(CCO)CC1)c1ccccc1S2,AC50,7.89
PIRENOXINE,O=C(O)c1cc(O)c2c3nc4ccccc4oc-3cc(=O)c2n1,AC50,5.02
piribedil,c1cnc(N2CCN(Cc3ccc4c(c3)OCO4)CC2)nc1,AC50,5.26
pizotifen,CN1CCC(=C2c3ccccc3CCc3sccc32)CC1,AC50,6.68
PONATINIB,Cc1ccc(C(=O)Nc2ccc(CN3CCN(C)CC3)c(C(F)(F)F)c2)cc1C#Cc1cnc2cccnn12,AC50,4.82
pramipexole,CCCN[C@H]1CCc2nc(N)sc2C1,AC50,4.85
PRENYLAMINE,CC(Cc1ccccc1)NCCC(c1ccccc1)c1ccccc1,AC50,5.54
prochlorperazine,CN1CCN(CCCN2c3ccccc3Sc3ccc(Cl)cc32)CC1,AC50,7.36
prochlorperazine,CN1CCN(CCCN2c3ccccc3Sc3ccc(Cl)cc32)CC1,IC50,7.96
prochlorperazine,CN1CCN(CCCN2c3ccccc3Sc3ccc(Cl)cc32)CC1,Ki,8.44
promazine,CN(C)CCCN1c2ccccc2Sc2ccccc21,AC50,6.4
promazine,CN(C)CCCN1c2ccccc2Sc2ccccc21,IC50,6.3
promazine,CN(C)CCCN1c2ccccc2Sc2ccccc21,Ki,6.78
promethazine,CC(CN1c2ccccc2Sc2ccccc21)N(C)C,AC50,5.98
promethazine,CC(CN1c2ccccc2Sc2ccccc21)N(C)C,IC50,6.11
promethazine,CC(CN1c2ccccc2Sc2ccccc21)N(C)C,Ki,6.58
PROPIOMAZINE,CCC(=O)c1ccc2c(c1)N(CC(C)N(C)C)c1ccccc1S2,AC50,5.58
PROTRIPTYLINE,CNCCCC1c2ccccc2C=Cc2ccccc21,AC50,5.28
PYRVINIUM,Cc1cc(/C=C/c2ccc3cc(N(C)C)ccc3[n+]2C)c(C)n1-c1ccccc1,AC50,5.0
quetiapine,OCCOCCN1CCN(C2=Nc3ccccc3Sc3ccccc32)CC1,AC50,6.15
quetiapine,OCCOCCN1CCN(C2=Nc3ccccc3Sc3ccccc32)CC1,IC50,5.88
quetiapine,OCCOCCN1CCN(C2=Nc3ccccc3Sc3ccccc32)CC1,Ki,6.35
QUINAGOLIDE,CCCN1CC(NS(=O)(=O)N(CC)CC)CC2Cc3c(O)cccc3CC21,AC50,7.82
QUINIDINE,C=C[C@H]1CN2CC[C@H]1C[C@@H]2[C@@H](O)c1ccnc2ccc(OC)cc12,AC50,5.0
raloxifene,O=C(c1ccc(OCCN2CCCCC2)cc1)c1c(-c2ccc(O)cc2)sc2cc(O)ccc12,AC50,6.02
raloxifene,O=C(c1ccc(OCCN2CCCCC2)cc1)c1c(-c2ccc(O)cc2)sc2cc(O)ccc12,IC50,5.93
raloxifene,O=C(c1ccc(OCCN2CCCCC2)cc1)c1c(-c2ccc(O)cc2)sc2cc(O)ccc12,Ki,6.41
raloxifene,O=C(c1ccc(OCCN2CCCCC2)cc1)c1c(-c2ccc(O)cc2)sc2cc(O)ccc12,pKi,8.19
REMOXIPRIDE,CCN1CCC[C@H]1CNC(=O)c1c(OC)ccc(Br)c1OC,AC50,5.93
RIFAMPIN,CO[C@H]1/C=C/O[C@@]2(C)Oc3c(C)c(O)c4c(O)c(c(/C=N/N5CCN(C)CC5)c(O)c4c3C2=O)NC(=O)/C(C)=C\C=C\[C@H](C)[C@H](O)[C@@H](C)[C@@H](O)[C@@H](C)[C@H](OC(C)=O)[C@@H]1C,AC50,5.04
risperidone,Cc1nc2n(c(=O)c1CCN1CCC(c3noc4cc(F)ccc34)CC1)CCCC2,AC50,7.68
risperidone,Cc1nc2n(c(=O)c1CCN1CCC(c3noc4cc(F)ccc34)CC1)CCCC2,IC50,7.7
risperidone,Cc1nc2n(c(=O)c1CCN1CCC(c3noc4cc(F)ccc34)CC1)CCCC2,Ki,8.18
ropinirole,CCCN(CCC)CCc1cccc2c1CC(O)=N2,AC50,5.1
rotigotine,CCCN(CCc1cccs1)[C@H]1CCc2c(O)cccc2C1,AC50,6.92
salmeterol,OCc1cc(C(O)CNCCCCCCOCCCCc2ccccc2)ccc1O,AC50,5.14
SAQUINAVIR,CC(C)(C)NC(=O)[C@@H]1C[C@@H]2CCCC[C@@H]2CN1C[C@@H](O)[C@H](Cc1ccccc1)NC(=O)[C@H](CC(N)=O)NC(=O)c1ccc2ccccc2n1,AC50,5.0
sertindole,O=C1NCCN1CCN1CCC(c2cn(-c3ccc(F)cc3)c3ccc(Cl)cc23)CC1,AC50,6.85
SERTRALINE,CN[C@H]1CC[C@@H](c2ccc(Cl)c(Cl)c2)c2ccccc21,AC50,4.96
SIROLIMUS,CO[C@H]1C[C@@H]2CC[C@@H](C)[C@@](O)(O2)C(=O)C(=O)N2CCCC[C@H]2C(=O)O[C@H]([C@H](C)C[C@@H]2CC[C@@H](O)[C@H](OC)C2)CC(=O)[C@H](C)/C=C(\C)[C@@H](O)[C@@H](OC)C(=O)[C@H](C)C[C@H](C)/C=C/C=C/C=C/1C,AC50,6.01
spiperone,O=C(CCCN1CCC2(CC1)C(=O)NCN2c1ccccc1)c1ccc(F)cc1,AC50,9.4
SULCONAZOLE,Clc1ccc(CSC(Cn2ccnc2)c2ccc(Cl)cc2Cl)cc1,AC50,4.62
SULTOPRIDE,CCN1CCCC1CNC(=O)c1cc(S(=O)(=O)CC)ccc1OC,AC50,7.96
SUNITINIB,CCN(CC)CCNC(=O)c1c(C)[nH]c(/C=C2\C(=O)Nc3ccc(F)cc32)c1C,AC50,5.94
TALIPEXOLE,C=CCN1CCc2nc(N)sc2CC1,AC50,4.54
tamoxifen,CC/C(=C(\c1ccccc1)c1ccc(OCCN(C)C)cc1)c1ccccc1,AC50,5.5
tamoxifen,CC/C(=C(\c1ccccc1)c1ccc(OCCN(C)C)cc1)c1ccccc1,IC50,4.86
tamoxifen,CC/C(=C(\c1ccccc1)c1ccc(OCCN(C)C)cc1)c1ccccc1,Ki,5.33
tamoxifen,CC/C(=C(\c1ccccc1)c1ccc(OCCN(C)C)cc1)c1ccccc1,pKi,8.27
tamsulosin,CCOc1ccccc1OCCN[C@H](C)Cc1ccc(OC)c(S(N)(=O)=O)c1,AC50,7.0
tegaserod,CCCCCN=C(N)N/N=C/c1c[nH]c2ccc(OC)cc12,AC50,5.51
terfenadine,CC(C)(C)c1ccc(C(O)CCCN2CCC(C(O)(c3ccccc3)c3ccccc3)CC2)cc1,IC50,5.21
terfenadine,CC(C)(C)c1ccc(C(O)CCCN2CCC(C(O)(c3ccccc3)c3ccccc3)CC2)cc1,Ki,5.69
terfenadine,CC(C)(C)c1ccc(C(O)CCCN2CCC(C(O)(c3ccccc3)c3ccccc3)CC2)cc1,pKi,8.25
terguride,CCN(CC)C(=O)N[C@H]1C[C@@H]2c3cccc4[nH]cc(c34)C[C@H]2N(C)C1,AC50,7.8
THIETHYLPERAZINE,CCSc1ccc2c(c1)N(CCCN1CCN(C)CC1)c1ccccc1S2,AC50,7.0
THIMEROSAL,-,AC50,5.6
THIOPROPERAZINE,CN1CCN(CCCN2c3ccccc3Sc3ccc(S(=O)(=O)N(C)C)cc32)CC1,AC50,7.68
thioridazine,CSc1ccc2c(c1)N(CCC1CCCCN1C)c1ccccc1S2,AC50,6.6
thioridazine,CSc1ccc2c(c1)N(CCC1CCCCN1C)c1ccccc1S2,IC50,7.46
thioridazine,CSc1ccc2c(c1)N(CCC1CCCCN1C)c1ccccc1S2,Ki,7.92
THIOTEPA,S=P(N1CC1)(N1CC1)N1CC1,AC50,4.68
thiothixene,CN1CCN(CC/C=C2/c3ccccc3Sc3ccc(S(=O)(=O)N(C)C)cc32)CC1,AC50,8.57
TIAPRIDE,CCN(CC)CCNC(=O)c1cc(S(C)(=O)=O)ccc1OC,AC50,6.52
TIAPRIDE,CCN(CC)CCNC(=O)c1cc(S(C)(=O)=O)ccc1OC,IC50,5.91
TIAPRIDE,CCN(CC)CCNC(=O)c1cc(S(C)(=O)=O)ccc1OC,Ki,6.39
TIOCONAZOLE,Clc1ccc(C(Cn2ccnc2)OCc2ccsc2Cl)c(Cl)c1,AC50,4.92
trazodone,O=c1n(CCCN2CCN(c3cccc(Cl)c3)CC2)nc2ccccn12,AC50,5.52
trifluoperazine,CN1CCN(CCCN2c3ccccc3Sc3ccc(C(F)(F)F)cc32)CC1,AC50,7.83
TRIMETHOBENZAMIDE,COc1cc(C(=O)NCc2ccc(OCCN(C)C)cc2)cc(OC)c1OC,AC50,5.16
URAPIDIL,COc1ccccc1N1CCN(CCCNc2cc(=O)n(C)c(=O)n2C)CC1,AC50,5.23
VERALIPRIDE,C=CCN1CCCC1CNC(=O)c1cc(S(N)(=O)=O)cc(OC)c1OC,AC50,7.24
VERAPAMIL,COc1ccc(CCN(C)CCCC(C#N)(c2ccc(OC)c(OC)c2)C(C)C)cc1OC,AC50,5.36
xylometazoline,Cc1cc(C(C)(C)C)cc(C)c1CC1=NCCN1,AC50,4.82
yohimbine,COC(=O)[C@H]1[C@@H](O)CC[C@H]2CN3CCc4c([nH]c5ccccc45)[C@@H]3C[C@@H]21,AC50,6.72
yohimbine,COC(=O)[C@H]1[C@@H](O)CC[C@H]2CN3CCc4c([nH]c5ccccc45)[C@@H]3C[C@@H]21,AC50,5.59
yohimbine,COC(=O)[C@H]1[C@@H](O)CC[C@H]2CN3CCc4c([nH]c5ccccc45)[C@@H]3C[C@@H]21,IC50,5.69
yohimbine,COC(=O)[C@H]1[C@@H](O)CC[C@H]2CN3CCc4c([nH]c5ccccc45)[C@@H]3C[C@@H]21,Ki,6.16
yohimbine,COC(=O)[C@H]1[C@@H](O)CC[C@H]2CN3CCc4c([nH]c5ccccc45)[C@@H]3C[C@@H]21,pKi,8.21
ZIMELDINE,CN(C)C/C=C(/c1ccc(Br)cc1)c1cccnc1,AC50,4.64
ziprasidone,O=C1Cc2cc(CCN3CCN(c4nsc5ccccc45)CC3)c(Cl)cc2N1,AC50,7.58
zotepine,CN(C)CCOC1=Cc2ccccc2Sc2ccc(Cl)cc21,AC50,7.28
ZUCLOPENTHIXOL,OCCN1CCN(CC/C=C2/c3ccccc3Sc3ccc(Cl)cc32)CC1,AC50,7.35
